[{"model": "auth.permission", "pk": 1, "fields": {"name": "Can add log entry", "content_type": 1, "codename": "add_logentry"}}, {"model": "auth.permission", "pk": 2, "fields": {"name": "Can change log entry", "content_type": 1, "codename": "change_logentry"}}, {"model": "auth.permission", "pk": 3, "fields": {"name": "Can delete log entry", "content_type": 1, "codename": "delete_logentry"}}, {"model": "auth.permission", "pk": 4, "fields": {"name": "Can view log entry", "content_type": 1, "codename": "view_logentry"}}, {"model": "auth.permission", "pk": 5, "fields": {"name": "Can add permission", "content_type": 2, "codename": "add_permission"}}, {"model": "auth.permission", "pk": 6, "fields": {"name": "Can change permission", "content_type": 2, "codename": "change_permission"}}, {"model": "auth.permission", "pk": 7, "fields": {"name": "Can delete permission", "content_type": 2, "codename": "delete_permission"}}, {"model": "auth.permission", "pk": 8, "fields": {"name": "Can view permission", "content_type": 2, "codename": "view_permission"}}, {"model": "auth.permission", "pk": 9, "fields": {"name": "Can add group", "content_type": 3, "codename": "add_group"}}, {"model": "auth.permission", "pk": 10, "fields": {"name": "Can change group", "content_type": 3, "codename": "change_group"}}, {"model": "auth.permission", "pk": 11, "fields": {"name": "Can delete group", "content_type": 3, "codename": "delete_group"}}, {"model": "auth.permission", "pk": 12, "fields": {"name": "Can view group", "content_type": 3, "codename": "view_group"}}, {"model": "auth.permission", "pk": 13, "fields": {"name": "Can add content type", "content_type": 4, "codename": "add_contenttype"}}, {"model": "auth.permission", "pk": 14, "fields": {"name": "Can change content type", "content_type": 4, "codename": "change_contenttype"}}, {"model": "auth.permission", "pk": 15, "fields": {"name": "Can delete content type", "content_type": 4, "codename": "delete_contenttype"}}, {"model": "auth.permission", "pk": 16, "fields": {"name": "Can view content type", "content_type": 4, "codename": "view_contenttype"}}, {"model": "auth.permission", "pk": 17, "fields": {"name": "Can add session", "content_type": 5, "codename": "add_session"}}, {"model": "auth.permission", "pk": 18, "fields": {"name": "Can change session", "content_type": 5, "codename": "change_session"}}, {"model": "auth.permission", "pk": 19, "fields": {"name": "Can delete session", "content_type": 5, "codename": "delete_session"}}, {"model": "auth.permission", "pk": 20, "fields": {"name": "Can view session", "content_type": 5, "codename": "view_session"}}, {"model": "auth.permission", "pk": 21, "fields": {"name": "Can add blacklisted token", "content_type": 6, "codename": "add_blacklistedtoken"}}, {"model": "auth.permission", "pk": 22, "fields": {"name": "Can change blacklisted token", "content_type": 6, "codename": "change_blacklistedtoken"}}, {"model": "auth.permission", "pk": 23, "fields": {"name": "Can delete blacklisted token", "content_type": 6, "codename": "delete_blacklistedtoken"}}, {"model": "auth.permission", "pk": 24, "fields": {"name": "Can view blacklisted token", "content_type": 6, "codename": "view_blacklistedtoken"}}, {"model": "auth.permission", "pk": 25, "fields": {"name": "Can add outstanding token", "content_type": 7, "codename": "add_outstandingtoken"}}, {"model": "auth.permission", "pk": 26, "fields": {"name": "Can change outstanding token", "content_type": 7, "codename": "change_outstandingtoken"}}, {"model": "auth.permission", "pk": 27, "fields": {"name": "Can delete outstanding token", "content_type": 7, "codename": "delete_outstandingtoken"}}, {"model": "auth.permission", "pk": 28, "fields": {"name": "Can view outstanding token", "content_type": 7, "codename": "view_outstandingtoken"}}, {"model": "auth.permission", "pk": 29, "fields": {"name": "Can add user", "content_type": 8, "codename": "add_user"}}, {"model": "auth.permission", "pk": 30, "fields": {"name": "Can change user", "content_type": 8, "codename": "change_user"}}, {"model": "auth.permission", "pk": 31, "fields": {"name": "Can delete user", "content_type": 8, "codename": "delete_user"}}, {"model": "auth.permission", "pk": 32, "fields": {"name": "Can view user", "content_type": 8, "codename": "view_user"}}, {"model": "auth.permission", "pk": 33, "fields": {"name": "Can add team", "content_type": 9, "codename": "add_team"}}, {"model": "auth.permission", "pk": 34, "fields": {"name": "Can change team", "content_type": 9, "codename": "change_team"}}, {"model": "auth.permission", "pk": 35, "fields": {"name": "Can delete team", "content_type": 9, "codename": "delete_team"}}, {"model": "auth.permission", "pk": 36, "fields": {"name": "Can view team", "content_type": 9, "codename": "view_team"}}, {"model": "auth.permission", "pk": 37, "fields": {"name": "Can add team member", "content_type": 10, "codename": "add_teammember"}}, {"model": "auth.permission", "pk": 38, "fields": {"name": "Can change team member", "content_type": 10, "codename": "change_teammember"}}, {"model": "auth.permission", "pk": 39, "fields": {"name": "Can delete team member", "content_type": 10, "codename": "delete_teammember"}}, {"model": "auth.permission", "pk": 40, "fields": {"name": "Can view team member", "content_type": 10, "codename": "view_teammember"}}, {"model": "auth.permission", "pk": 41, "fields": {"name": "Can add board", "content_type": 11, "codename": "add_board"}}, {"model": "auth.permission", "pk": 42, "fields": {"name": "Can change board", "content_type": 11, "codename": "change_board"}}, {"model": "auth.permission", "pk": 43, "fields": {"name": "Can delete board", "content_type": 11, "codename": "delete_board"}}, {"model": "auth.permission", "pk": 44, "fields": {"name": "Can view board", "content_type": 11, "codename": "view_board"}}, {"model": "auth.permission", "pk": 45, "fields": {"name": "Can add column", "content_type": 12, "codename": "add_column"}}, {"model": "auth.permission", "pk": 46, "fields": {"name": "Can change column", "content_type": 12, "codename": "change_column"}}, {"model": "auth.permission", "pk": 47, "fields": {"name": "Can delete column", "content_type": 12, "codename": "delete_column"}}, {"model": "auth.permission", "pk": 48, "fields": {"name": "Can view column", "content_type": 12, "codename": "view_column"}}, {"model": "auth.group", "pk": 1, "fields": {"name": "leader", "permissions": []}}, {"model": "auth.group", "pk": 2, "fields": {"name": "첫번째팀", "permissions": []}}, {"model": "auth.group", "pk": 3, "fields": {"name": "두번째팀", "permissions": []}}, {"model": "auth.group", "pk": 4, "fields": {"name": "세번째팀", "permissions": []}}, {"model": "auth.group", "pk": 5, "fields": {"name": "테스트팀", "permissions": []}}, {"model": "contenttypes.contenttype", "pk": 1, "fields": {"app_label": "admin", "model": "logentry"}}, {"model": "contenttypes.contenttype", "pk": 2, "fields": {"app_label": "auth", "model": "permission"}}, {"model": "contenttypes.contenttype", "pk": 3, "fields": {"app_label": "auth", "model": "group"}}, {"model": "contenttypes.contenttype", "pk": 4, "fields": {"app_label": "contenttypes", "model": "contenttype"}}, {"model": "contenttypes.contenttype", "pk": 5, "fields": {"app_label": "sessions", "model": "session"}}, {"model": "contenttypes.contenttype", "pk": 6, "fields": {"app_label": "token_blacklist", "model": "blacklistedtoken"}}, {"model": "contenttypes.contenttype", "pk": 7, "fields": {"app_label": "token_blacklist", "model": "outstandingtoken"}}, {"model": "contenttypes.contenttype", "pk": 8, "fields": {"app_label": "users", "model": "user"}}, {"model": "contenttypes.contenttype", "pk": 9, "fields": {"app_label": "teams", "model": "team"}}, {"model": "contenttypes.contenttype", "pk": 10, "fields": {"app_label": "teams", "model": "teammember"}}, {"model": "contenttypes.contenttype", "pk": 11, "fields": {"app_label": "boards", "model": "board"}}, {"model": "contenttypes.contenttype", "pk": 12, "fields": {"app_label": "boards", "model": "column"}}, {"model": "token_blacklist.outstandingtoken", "pk": 1, "fields": {"user": 1, "jti": "e279826a035f426080d81a0a397966b2", "token": "eyJhbGciOiJIUzI1NiIsInR5cCI6IkpXVCJ9.eyJ0b2tlbl90eXBlIjoicmVmcmVzaCIsImV4cCI6MTcwMTQyNjcwMiwiaWF0IjoxNzAwMjE3MTAyLCJqdGkiOiJlMjc5ODI2YTAzNWY0MjYwODBkODFhMGEzOTc5NjZiMiIsInVzZXJfaWQiOjF9.vu8DqOFOiehgU-pQwmnwekRvfgzNuyHmUA6as_2z8lo", "created_at": "2023-11-17T10:31:42.513Z", "expires_at": "2023-12-01T10:31:42Z"}}, {"model": "token_blacklist.outstandingtoken", "pk": 2, "fields": {"user": 2, "jti": "b721e13969c847ccb2b68996361ad95d", "token": "eyJhbGciOiJIUzI1NiIsInR5cCI6IkpXVCJ9.eyJ0b2tlbl90eXBlIjoicmVmcmVzaCIsImV4cCI6MTcwMTQyNjc4MiwiaWF0IjoxNzAwMjE3MTgyLCJqdGkiOiJiNzIxZTEzOTY5Yzg0N2NjYjJiNjg5OTYzNjFhZDk1ZCIsInVzZXJfaWQiOjJ9.B-tm6u9OyEw0wZXQrLMByq9sT6c0wYZnjZGrRM-OoGE", "created_at": "2023-11-17T10:33:02.117Z", "expires_at": "2023-12-01T10:33:02Z"}}, {"model": "token_blacklist.outstandingtoken", "pk": 3, "fields": {"user": 3, "jti": "6dbafb103b694389bcd96d21696e4875", "token": "eyJhbGciOiJIUzI1NiIsInR5cCI6IkpXVCJ9.eyJ0b2tlbl90eXBlIjoicmVmcmVzaCIsImV4cCI6MTcwMTQyNjgwOCwiaWF0IjoxNzAwMjE3MjA4LCJqdGkiOiI2ZGJhZmIxMDNiNjk0Mzg5YmNkOTZkMjE2OTZlNDg3NSIsInVzZXJfaWQiOjN9.MZyzkIkVK1QK3tBeV41PUXiRGv_FcZW7qSKO9z0sDF0", "created_at": "2023-11-17T10:33:28.232Z", "expires_at": "2023-12-01T10:33:28Z"}}, {"model": "token_blacklist.outstandingtoken", "pk": 4, "fields": {"user": 1, "jti": "c59e08534d4d4a938badb053f52591f2", "token": "eyJhbGciOiJIUzI1NiIsInR5cCI6IkpXVCJ9.eyJ0b2tlbl90eXBlIjoicmVmcmVzaCIsImV4cCI6MTcwMTQyNjgzNywiaWF0IjoxNzAwMjE3MjM3LCJqdGkiOiJjNTllMDg1MzRkNGQ0YTkzOGJhZGIwNTNmNTI1OTFmMiIsInVzZXJfaWQiOjF9.3nwXNU-xL9khXtCkk3b74ABX84hiC4Q2rVII0QeXLuA", "created_at": "2023-11-17T10:33:57.932Z", "expires_at": "2023-12-01T10:33:57Z"}}, {"model": "token_blacklist.outstandingtoken", "pk": 5, "fields": {"user": 2, "jti": "6b2d1589ade14486bdf84e34d4eaa3f5", "token": "eyJhbGciOiJIUzI1NiIsInR5cCI6IkpXVCJ9.eyJ0b2tlbl90eXBlIjoicmVmcmVzaCIsImV4cCI6MTcwMTQyNjg3OSwiaWF0IjoxNzAwMjE3Mjc5LCJqdGkiOiI2YjJkMTU4OWFkZTE0NDg2YmRmODRlMzRkNGVhYTNmNSIsInVzZXJfaWQiOjJ9.cbiQTyfz4g75RF7pk0y1vHSjtsymxTZPlpu_0m2J7U4", "created_at": "2023-11-17T10:34:39.809Z", "expires_at": "2023-12-01T10:34:39Z"}}, {"model": "token_blacklist.outstandingtoken", "pk": 6, "fields": {"user": 3, "jti": "2eb64748b6a24b048db164fa2257eeea", "token": "eyJhbGciOiJIUzI1NiIsInR5cCI6IkpXVCJ9.eyJ0b2tlbl90eXBlIjoicmVmcmVzaCIsImV4cCI6MTcwMTQyNjkwNywiaWF0IjoxNzAwMjE3MzA3LCJqdGkiOiIyZWI2NDc0OGI2YTI0YjA0OGRiMTY0ZmEyMjU3ZWVlYSIsInVzZXJfaWQiOjN9.h4ohB7wbPVz_KD0gZSIe28tXOsYk9-ETcYj7_0Ah1I0", "created_at": "2023-11-17T10:35:07.774Z", "expires_at": "2023-12-01T10:35:07Z"}}, {"model": "token_blacklist.outstandingtoken", "pk": 7, "fields": {"user": 1, "jti": "7d5e6fd639224718963592823761f073", "token": "eyJhbGciOiJIUzI1NiIsInR5cCI6IkpXVCJ9.eyJ0b2tlbl90eXBlIjoicmVmcmVzaCIsImV4cCI6MTcwMTQyOTE3OCwiaWF0IjoxNzAwMjE5NTc4LCJqdGkiOiI3ZDVlNmZkNjM5MjI0NzE4OTYzNTkyODIzNzYxZjA3MyIsInVzZXJfaWQiOjF9.Dk_WSzn6905y8BLKpUNqlxfDhTkUv9c-xYpp509fAFE", "created_at": "2023-11-17T11:12:58.612Z", "expires_at": "2023-12-01T11:12:58Z"}}, {"model": "token_blacklist.outstandingtoken", "pk": 8, "fields": {"user": 8, "jti": "3698fb1586e74413a1305d35fae8d824", "token": "eyJhbGciOiJIUzI1NiIsInR5cCI6IkpXVCJ9.eyJ0b2tlbl90eXBlIjoicmVmcmVzaCIsImV4cCI6MTcwMTQyOTkyMiwiaWF0IjoxNzAwMjIwMzIyLCJqdGkiOiIzNjk4ZmIxNTg2ZTc0NDEzYTEzMDVkMzVmYWU4ZDgyNCIsInVzZXJfaWQiOjh9.Xcd2slzI3z8Oz6zLpQvAtYU59OTm_7suH-p23_7rhJ4", "created_at": "2023-11-17T11:25:22.317Z", "expires_at": "2023-12-01T11:25:22Z"}}, {"model": "token_blacklist.outstandingtoken", "pk": 9, "fields": {"user": 9, "jti": "e07f89833f6a4b97895a272a68e661ad", "token": "eyJhbGciOiJIUzI1NiIsInR5cCI6IkpXVCJ9.eyJ0b2tlbl90eXBlIjoicmVmcmVzaCIsImV4cCI6MTcwMTQzMDMxMiwiaWF0IjoxNzAwMjIwNzEyLCJqdGkiOiJlMDdmODk4MzNmNmE0Yjk3ODk1YTI3MmE2OGU2NjFhZCIsInVzZXJfaWQiOjl9._qzhiqtKKvM-ek5HL7pBWv1cV_MP0hSNfqcx-OZbSAs", "created_at": "2023-11-17T11:31:52.677Z", "expires_at": "2023-12-01T11:31:52Z"}}, {"model": "token_blacklist.outstandingtoken", "pk": 10, "fields": {"user": 1, "jti": "6d36803dcc824a84ac02e8313ec0cd6b", "token": "eyJhbGciOiJIUzI1NiIsInR5cCI6IkpXVCJ9.eyJ0b2tlbl90eXBlIjoicmVmcmVzaCIsImV4cCI6MTcwMTQzMDMzOCwiaWF0IjoxNzAwMjIwNzM4LCJqdGkiOiI2ZDM2ODAzZGNjODI0YTg0YWMwMmU4MzEzZWMwY2Q2YiIsInVzZXJfaWQiOjF9.Ovte12MCK1sJAXsHqilXnr7hL705zNbGSJxFSrIGB0Q", "created_at": "2023-11-17T11:32:18.795Z", "expires_at": "2023-12-01T11:32:18Z"}}, {"model": "token_blacklist.outstandingtoken", "pk": 11, "fields": {"user": 9, "jti": "381fd9b516324f2f9c90d3797145ded6", "token": "eyJhbGciOiJIUzI1NiIsInR5cCI6IkpXVCJ9.eyJ0b2tlbl90eXBlIjoicmVmcmVzaCIsImV4cCI6MTcwMTQzMDM3OCwiaWF0IjoxNzAwMjIwNzc4LCJqdGkiOiIzODFmZDliNTE2MzI0ZjJmOWM5MGQzNzk3MTQ1ZGVkNiIsInVzZXJfaWQiOjl9._qzFcY11Ue8TYOU0ZJTwOfETkIjjmSSCDLtDEd4TiTI", "created_at": "2023-11-17T11:32:58.892Z", "expires_at": "2023-12-01T11:32:58Z"}}, {"model": "token_blacklist.outstandingtoken", "pk": 12, "fields": {"user": 2, "jti": "6264d253306045fe924515ff0fccc9ad", "token": "eyJhbGciOiJIUzI1NiIsInR5cCI6IkpXVCJ9.eyJ0b2tlbl90eXBlIjoicmVmcmVzaCIsImV4cCI6MTcwMTQzMDQwOCwiaWF0IjoxNzAwMjIwODA4LCJqdGkiOiI2MjY0ZDI1MzMwNjA0NWZlOTI0NTE1ZmYwZmNjYzlhZCIsInVzZXJfaWQiOjJ9.TPvgP9udyjfqOePyYlelRCT-jng1EAfDTKUosSpMomo", "created_at": "2023-11-17T11:33:28.519Z", "expires_at": "2023-12-01T11:33:28Z"}}, {"model": "token_blacklist.outstandingtoken", "pk": 13, "fields": {"user": 1, "jti": "49e561b8fd1e439a801caec2eaa259a0", "token": "eyJhbGciOiJIUzI1NiIsInR5cCI6IkpXVCJ9.eyJ0b2tlbl90eXBlIjoicmVmcmVzaCIsImV4cCI6MTcwMTQ5MDc5MiwiaWF0IjoxNzAwMjgxMTkyLCJqdGkiOiI0OWU1NjFiOGZkMWU0MzlhODAxY2FlYzJlYWEyNTlhMCIsInVzZXJfaWQiOjF9.iUd25I0E1Qh0opiGjvo7zrbFSA5alH-XPvacnDuYEC4", "created_at": "2023-11-18T04:19:52.855Z", "expires_at": "2023-12-02T04:19:52Z"}}, {"model": "token_blacklist.outstandingtoken", "pk": 14, "fields": {"user": 1, "jti": "207ad1706c7d4d08aa76e7b3bafad031", "token": "eyJhbGciOiJIUzI1NiIsInR5cCI6IkpXVCJ9.eyJ0b2tlbl90eXBlIjoicmVmcmVzaCIsImV4cCI6MTcwMTUwMzUxMSwiaWF0IjoxNzAwMjkzOTExLCJqdGkiOiIyMDdhZDE3MDZjN2Q0ZDA4YWE3NmU3YjNiYWZhZDAzMSIsInVzZXJfaWQiOjF9.ct6c3HOQKPptdFhH9_Q7WRM0iqKcX9FZitn4HvbfB0c", "created_at": "2023-11-18T07:51:51.792Z", "expires_at": "2023-12-02T07:51:51Z"}}, {"model": "token_blacklist.outstandingtoken", "pk": 15, "fields": {"user": 4, "jti": "d1aee38143944b98b6c04c066ccd25cb", "token": "eyJhbGciOiJIUzI1NiIsInR5cCI6IkpXVCJ9.eyJ0b2tlbl90eXBlIjoicmVmcmVzaCIsImV4cCI6MTcwMTUwNDkyMiwiaWF0IjoxNzAwMjk1MzIyLCJqdGkiOiJkMWFlZTM4MTQzOTQ0Yjk4YjZjMDRjMDY2Y2NkMjVjYiIsInVzZXJfaWQiOjR9.sbvLLbCFoF6AIWg1ffLqqwNO_3Q14Lq27W4kH6ROtxY", "created_at": "2023-11-18T08:15:22.761Z", "expires_at": "2023-12-02T08:15:22Z"}}, {"model": "token_blacklist.outstandingtoken", "pk": 16, "fields": {"user": 1, "jti": "9006540826f54373878b1ae3fd00845b", "token": "eyJhbGciOiJIUzI1NiIsInR5cCI6IkpXVCJ9.eyJ0b2tlbl90eXBlIjoicmVmcmVzaCIsImV4cCI6MTcwMTUwNTI4MCwiaWF0IjoxNzAwMjk1NjgwLCJqdGkiOiI5MDA2NTQwODI2ZjU0MzczODc4YjFhZTNmZDAwODQ1YiIsInVzZXJfaWQiOjF9.JWf4ArBkTBhjMp_IfrPNQGWz0QCc0g_mTeiHWxywkxA", "created_at": "2023-11-18T08:21:20.098Z", "expires_at": "2023-12-02T08:21:20Z"}}, {"model": "token_blacklist.blacklistedtoken", "pk": 1, "fields": {"token": 1, "blacklisted_at": "2023-11-17T10:32:51.801Z"}}, {"model": "token_blacklist.blacklistedtoken", "pk": 2, "fields": {"token": 2, "blacklisted_at": "2023-11-17T10:33:23.053Z"}}, {"model": "token_blacklist.blacklistedtoken", "pk": 3, "fields": {"token": 3, "blacklisted_at": "2023-11-17T10:33:45.869Z"}}, {"model": "token_blacklist.blacklistedtoken", "pk": 4, "fields": {"token": 4, "blacklisted_at": "2023-11-17T10:34:36.158Z"}}, {"model": "token_blacklist.blacklistedtoken", "pk": 5, "fields": {"token": 5, "blacklisted_at": "2023-11-17T10:35:02.587Z"}}, {"model": "token_blacklist.blacklistedtoken", "pk": 6, "fields": {"token": 6, "blacklisted_at": "2023-11-17T10:35:29.042Z"}}, {"model": "token_blacklist.blacklistedtoken", "pk": 7, "fields": {"token": 9, "blacklisted_at": "2023-11-17T11:32:04.204Z"}}, {"model": "token_blacklist.blacklistedtoken", "pk": 8, "fields": {"token": 10, "blacklisted_at": "2023-11-17T11:32:48.681Z"}}, {"model": "token_blacklist.blacklistedtoken", "pk": 9, "fields": {"token": 11, "blacklisted_at": "2023-11-17T11:33:21.338Z"}}, {"model": "token_blacklist.blacklistedtoken", "pk": 10, "fields": {"token": 14, "blacklisted_at": "2023-11-18T08:15:13.112Z"}}, {"model": "token_blacklist.blacklistedtoken", "pk": 11, "fields": {"token": 15, "blacklisted_at": "2023-11-18T08:20:59.010Z"}}, {"model": "users.user", "pk": 1, "fields": {"password": "pbkdf2_sha256$600000$nzZT0y375nTCWEYNVIwug6$VpIS76yZOv/Dx+7I7T7LtLRGLmlZWxaPLDdbQcZonKc=", "username": "teamleader1", "message": null, "is_active": true, "is_staff": false, "is_superuser": false, "date_joined": "2023-11-17T10:31:15.041Z", "last_login": "2023-11-17T10:31:15.042Z", "groups": [1, 2, 5], "user_permissions": []}}, {"model": "users.user", "pk": 2, "fields": {"password": "pbkdf2_sha256$600000$KTS4WdoLLXRm6PycwmSxYp$sRk81p76jLsBTo+U+IpK5Baw0+F5Y0PvnOfn0YrvZ2M=", "username": "teamleader2", "message": null, "is_active": true, "is_staff": false, "is_superuser": false, "date_joined": "2023-11-17T10:31:20.237Z", "last_login": "2023-11-17T10:31:20.237Z", "groups": [1, 3], "user_permissions": []}}, {"model": "users.user", "pk": 3, "fields": {"password": "pbkdf2_sha256$600000$4WPfZWoXR7ZWTq5BI7AREs$vLDb8JHrn/r7/pz/MVNLxuzLKG91eP474dP/QxaRzFg=", "username": "teamleader3", "message": null, "is_active": true, "is_staff": false, "is_superuser": false, "date_joined": "2023-11-17T10:31:22.430Z", "last_login": "2023-11-17T10:31:22.431Z", "groups": [1, 4], "user_permissions": []}}, {"model": "users.user", "pk": 4, "fields": {"password": "pbkdf2_sha256$600000$tIodEq5FQETlxK19IE1Shs$QRM6uJzUbhnVM4MPAj1NWuSz07Gr/KefMJDq7yFDMZk=", "username": "normaluser1", "message": "team:첫번째팀,from:teamleader1", "is_active": true, "is_staff": false, "is_superuser": false, "date_joined": "2023-11-17T10:34:25.860Z", "last_login": "2023-11-17T10:31:26.614Z", "groups": [], "user_permissions": []}}, {"model": "users.user", "pk": 5, "fields": {"password": "pbkdf2_sha256$600000$Z0Ta7snsyKLOC7IMaBGz7q$FeaAysyefgYuJyshajznYt5fNNbCpf5Nt1Tof4Kt390=", "username": "normaluser2", "message": "team:두번째팀,from:teamleader2", "is_active": true, "is_staff": false, "is_superuser": false, "date_joined": "2023-11-17T10:34:55.717Z", "last_login": "2023-11-17T10:31:29.058Z", "groups": [], "user_permissions": []}}, {"model": "users.user", "pk": 6, "fields": {"password": "pbkdf2_sha256$600000$Rq7TUznxbIw29e4hB3m5tQ$OX+DWUeYiwsWKci2oE0CuLoIHr5Psk+qJEbGEgz6MsM=", "username": "normaluser3", "message": "team:세번째팀,from:teamleader3", "is_active": true, "is_staff": false, "is_superuser": false, "date_joined": "2023-11-17T10:35:22.567Z", "last_login": "2023-11-17T10:31:30.940Z", "groups": [], "user_permissions": []}}, {"model": "users.user", "pk": 7, "fields": {"password": "pbkdf2_sha256$600000$seM5g5qSY7a1MrrxgZeV9k$r4kD0kMp1ZHp4nHeEe6zabsmR4FqCoBvkjasExnjyK0=", "username": "normaluser4", "message": null, "is_active": true, "is_staff": false, "is_superuser": false, "date_joined": "2023-11-17T10:51:25.549Z", "last_login": "2023-11-17T10:51:25.549Z", "groups": [], "user_permissions": []}}, {"model": "users.user", "pk": 8, "fields": {"password": "pbkdf2_sha256$600000$7Cz3STHoiAduBF7mp1JxlS$RJcc7svN1j/vefTZleEppyX9YjSj/6iwPAsUOCd8pOQ=", "username": "normaluser5", "message": null, "is_active": true, "is_staff": false, "is_superuser": false, "date_joined": "2023-11-17T11:26:23.481Z", "last_login": "2023-11-17T11:12:38.907Z", "groups": [2], "user_permissions": []}}, {"model": "users.user", "pk": 9, "fields": {"password": "pbkdf2_sha256$600000$rMZAnrWycY3UesGO9m7yVJ$VIYwcf/UlJat3Qn0DnfoVNbcIn9PnfMTJMp3J09llDA=", "username": "normaluser6", "message": "team:두번째팀,from:teamleader2", "is_active": true, "is_staff": false, "is_superuser": false, "date_joined": "2023-11-17T11:33:49.706Z", "last_login": "2023-11-17T11:31:47.803Z", "groups": [2], "user_permissions": []}}, {"model": "teams.team", "pk": 1, "fields": {"leader": 1, "name": "첫번째팀", "created_at": "2023-11-17T10:32:11.726Z"}}, {"model": "teams.team", "pk": 2, "fields": {"leader": 2, "name": "두번째팀", "created_at": "2023-11-17T10:33:15.642Z"}}, {"model": "teams.team", "pk": 3, "fields": {"leader": 3, "name": "세번째팀", "created_at": "2023-11-17T10:33:40.616Z"}}, {"model": "teams.team", "pk": 4, "fields": {"leader": 1, "name": "테스트팀", "created_at": "2023-11-18T04:21:27.609Z"}}, {"model": "boards.board", "pk": 1, "fields": {"team": 4}}, {"model": "boards.board", "pk": 2, "fields": {"team": 1}}, {"model": "boards.board", "pk": 3, "fields": {"team": 2}}, {"model": "boards.board", "pk": 4, "fields": {"team": 3}}, {"model": "boards.column", "pk": 1, "fields": {"board": 2, "title": "Backlog", "sequence": 1}}, {"model": "boards.column", "pk": 2, "fields": {"board": 2, "title": "In Progress", "sequence": 1}}, {"model": "boards.column", "pk": 3, "fields": {"board": 2, "title": "Review", "sequence": 1}}, {"model": "boards.column", "pk": 4, "fields": {"board": 1, "title": "Backlog", "sequence": 1}}, {"model": "boards.column", "pk": 5, "fields": {"board": 1, "title": "In Progress", "sequence": 1}}, {"model": "boards.column", "pk": 6, "fields": {"board": 1, "title": "Review", "sequence": 1}}, {"model": "boards.column", "pk": 7, "fields": {"board": 2, "title": "Extra", "sequence": 1}}]