[
    {
        "model": "auth.permission",
        "pk": 1,
        "fields": {
            "name": "Can add log entry",
            "content_type": 1,
            "codename": "add_logentry"
        }
    },
    {
        "model": "auth.permission",
        "pk": 2,
        "fields": {
            "name": "Can change log entry",
            "content_type": 1,
            "codename": "change_logentry"
        }
    },
    {
        "model": "auth.permission",
        "pk": 3,
        "fields": {
            "name": "Can delete log entry",
            "content_type": 1,
            "codename": "delete_logentry"
        }
    },
    {
        "model": "auth.permission",
        "pk": 4,
        "fields": {
            "name": "Can view log entry",
            "content_type": 1,
            "codename": "view_logentry"
        }
    },
    {
        "model": "auth.permission",
        "pk": 5,
        "fields": {
            "name": "Can add permission",
            "content_type": 2,
            "codename": "add_permission"
        }
    },
    {
        "model": "auth.permission",
        "pk": 6,
        "fields": {
            "name": "Can change permission",
            "content_type": 2,
            "codename": "change_permission"
        }
    },
    {
        "model": "auth.permission",
        "pk": 7,
        "fields": {
            "name": "Can delete permission",
            "content_type": 2,
            "codename": "delete_permission"
        }
    },
    {
        "model": "auth.permission",
        "pk": 8,
        "fields": {
            "name": "Can view permission",
            "content_type": 2,
            "codename": "view_permission"
        }
    },
    {
        "model": "auth.permission",
        "pk": 9,
        "fields": {
            "name": "Can add group",
            "content_type": 3,
            "codename": "add_group"
        }
    },
    {
        "model": "auth.permission",
        "pk": 10,
        "fields": {
            "name": "Can change group",
            "content_type": 3,
            "codename": "change_group"
        }
    },
    {
        "model": "auth.permission",
        "pk": 11,
        "fields": {
            "name": "Can delete group",
            "content_type": 3,
            "codename": "delete_group"
        }
    },
    {
        "model": "auth.permission",
        "pk": 12,
        "fields": {
            "name": "Can view group",
            "content_type": 3,
            "codename": "view_group"
        }
    },
    {
        "model": "auth.permission",
        "pk": 13,
        "fields": {
            "name": "Can add content type",
            "content_type": 4,
            "codename": "add_contenttype"
        }
    },
    {
        "model": "auth.permission",
        "pk": 14,
        "fields": {
            "name": "Can change content type",
            "content_type": 4,
            "codename": "change_contenttype"
        }
    },
    {
        "model": "auth.permission",
        "pk": 15,
        "fields": {
            "name": "Can delete content type",
            "content_type": 4,
            "codename": "delete_contenttype"
        }
    },
    {
        "model": "auth.permission",
        "pk": 16,
        "fields": {
            "name": "Can view content type",
            "content_type": 4,
            "codename": "view_contenttype"
        }
    },
    {
        "model": "auth.permission",
        "pk": 17,
        "fields": {
            "name": "Can add session",
            "content_type": 5,
            "codename": "add_session"
        }
    },
    {
        "model": "auth.permission",
        "pk": 18,
        "fields": {
            "name": "Can change session",
            "content_type": 5,
            "codename": "change_session"
        }
    },
    {
        "model": "auth.permission",
        "pk": 19,
        "fields": {
            "name": "Can delete session",
            "content_type": 5,
            "codename": "delete_session"
        }
    },
    {
        "model": "auth.permission",
        "pk": 20,
        "fields": {
            "name": "Can view session",
            "content_type": 5,
            "codename": "view_session"
        }
    },
    {
        "model": "auth.permission",
        "pk": 21,
        "fields": {
            "name": "Can add blacklisted token",
            "content_type": 6,
            "codename": "add_blacklistedtoken"
        }
    },
    {
        "model": "auth.permission",
        "pk": 22,
        "fields": {
            "name": "Can change blacklisted token",
            "content_type": 6,
            "codename": "change_blacklistedtoken"
        }
    },
    {
        "model": "auth.permission",
        "pk": 23,
        "fields": {
            "name": "Can delete blacklisted token",
            "content_type": 6,
            "codename": "delete_blacklistedtoken"
        }
    },
    {
        "model": "auth.permission",
        "pk": 24,
        "fields": {
            "name": "Can view blacklisted token",
            "content_type": 6,
            "codename": "view_blacklistedtoken"
        }
    },
    {
        "model": "auth.permission",
        "pk": 25,
        "fields": {
            "name": "Can add outstanding token",
            "content_type": 7,
            "codename": "add_outstandingtoken"
        }
    },
    {
        "model": "auth.permission",
        "pk": 26,
        "fields": {
            "name": "Can change outstanding token",
            "content_type": 7,
            "codename": "change_outstandingtoken"
        }
    },
    {
        "model": "auth.permission",
        "pk": 27,
        "fields": {
            "name": "Can delete outstanding token",
            "content_type": 7,
            "codename": "delete_outstandingtoken"
        }
    },
    {
        "model": "auth.permission",
        "pk": 28,
        "fields": {
            "name": "Can view outstanding token",
            "content_type": 7,
            "codename": "view_outstandingtoken"
        }
    },
    {
        "model": "auth.permission",
        "pk": 29,
        "fields": {
            "name": "Can add user",
            "content_type": 8,
            "codename": "add_user"
        }
    },
    {
        "model": "auth.permission",
        "pk": 30,
        "fields": {
            "name": "Can change user",
            "content_type": 8,
            "codename": "change_user"
        }
    },
    {
        "model": "auth.permission",
        "pk": 31,
        "fields": {
            "name": "Can delete user",
            "content_type": 8,
            "codename": "delete_user"
        }
    },
    {
        "model": "auth.permission",
        "pk": 32,
        "fields": {
            "name": "Can view user",
            "content_type": 8,
            "codename": "view_user"
        }
    },
    {
        "model": "auth.permission",
        "pk": 33,
        "fields": {
            "name": "Can add team",
            "content_type": 9,
            "codename": "add_team"
        }
    },
    {
        "model": "auth.permission",
        "pk": 34,
        "fields": {
            "name": "Can change team",
            "content_type": 9,
            "codename": "change_team"
        }
    },
    {
        "model": "auth.permission",
        "pk": 35,
        "fields": {
            "name": "Can delete team",
            "content_type": 9,
            "codename": "delete_team"
        }
    },
    {
        "model": "auth.permission",
        "pk": 36,
        "fields": {
            "name": "Can view team",
            "content_type": 9,
            "codename": "view_team"
        }
    },
    {
        "model": "auth.permission",
        "pk": 37,
        "fields": {
            "name": "Can add board",
            "content_type": 10,
            "codename": "add_board"
        }
    },
    {
        "model": "auth.permission",
        "pk": 38,
        "fields": {
            "name": "Can change board",
            "content_type": 10,
            "codename": "change_board"
        }
    },
    {
        "model": "auth.permission",
        "pk": 39,
        "fields": {
            "name": "Can delete board",
            "content_type": 10,
            "codename": "delete_board"
        }
    },
    {
        "model": "auth.permission",
        "pk": 40,
        "fields": {
            "name": "Can view board",
            "content_type": 10,
            "codename": "view_board"
        }
    },
    {
        "model": "auth.permission",
        "pk": 41,
        "fields": {
            "name": "Can add column",
            "content_type": 11,
            "codename": "add_column"
        }
    },
    {
        "model": "auth.permission",
        "pk": 42,
        "fields": {
            "name": "Can change column",
            "content_type": 11,
            "codename": "change_column"
        }
    },
    {
        "model": "auth.permission",
        "pk": 43,
        "fields": {
            "name": "Can delete column",
            "content_type": 11,
            "codename": "delete_column"
        }
    },
    {
        "model": "auth.permission",
        "pk": 44,
        "fields": {
            "name": "Can view column",
            "content_type": 11,
            "codename": "view_column"
        }
    },
    {
        "model": "auth.permission",
        "pk": 45,
        "fields": {
            "name": "Can add ticket",
            "content_type": 12,
            "codename": "add_ticket"
        }
    },
    {
        "model": "auth.permission",
        "pk": 46,
        "fields": {
            "name": "Can change ticket",
            "content_type": 12,
            "codename": "change_ticket"
        }
    },
    {
        "model": "auth.permission",
        "pk": 47,
        "fields": {
            "name": "Can delete ticket",
            "content_type": 12,
            "codename": "delete_ticket"
        }
    },
    {
        "model": "auth.permission",
        "pk": 48,
        "fields": {
            "name": "Can view ticket",
            "content_type": 12,
            "codename": "view_ticket"
        }
    },
    {
        "model": "auth.group",
        "pk": 1,
        "fields": { "name": "leader", "permissions": [] }
    },
    {
        "model": "auth.group",
        "pk": 2,
        "fields": { "name": "첫번째팀", "permissions": [] }
    },
    {
        "model": "auth.group",
        "pk": 3,
        "fields": { "name": "두번째팀", "permissions": [] }
    },
    {
        "model": "auth.group",
        "pk": 4,
        "fields": { "name": "세번째팀", "permissions": [] }
    },
    {
        "model": "auth.group",
        "pk": 5,
        "fields": { "name": "네번째팀", "permissions": [] }
    },
    {
        "model": "contenttypes.contenttype",
        "pk": 1,
        "fields": { "app_label": "admin", "model": "logentry" }
    },
    {
        "model": "contenttypes.contenttype",
        "pk": 2,
        "fields": { "app_label": "auth", "model": "permission" }
    },
    {
        "model": "contenttypes.contenttype",
        "pk": 3,
        "fields": { "app_label": "auth", "model": "group" }
    },
    {
        "model": "contenttypes.contenttype",
        "pk": 4,
        "fields": { "app_label": "contenttypes", "model": "contenttype" }
    },
    {
        "model": "contenttypes.contenttype",
        "pk": 5,
        "fields": { "app_label": "sessions", "model": "session" }
    },
    {
        "model": "contenttypes.contenttype",
        "pk": 6,
        "fields": {
            "app_label": "token_blacklist",
            "model": "blacklistedtoken"
        }
    },
    {
        "model": "contenttypes.contenttype",
        "pk": 7,
        "fields": {
            "app_label": "token_blacklist",
            "model": "outstandingtoken"
        }
    },
    {
        "model": "contenttypes.contenttype",
        "pk": 8,
        "fields": { "app_label": "users", "model": "user" }
    },
    {
        "model": "contenttypes.contenttype",
        "pk": 9,
        "fields": { "app_label": "teams", "model": "team" }
    },
    {
        "model": "contenttypes.contenttype",
        "pk": 10,
        "fields": { "app_label": "boards", "model": "board" }
    },
    {
        "model": "contenttypes.contenttype",
        "pk": 11,
        "fields": { "app_label": "boards", "model": "column" }
    },
    {
        "model": "contenttypes.contenttype",
        "pk": 12,
        "fields": { "app_label": "boards", "model": "ticket" }
    },
    {
        "model": "token_blacklist.outstandingtoken",
        "pk": 1,
        "fields": {
            "user": 1,
            "jti": "c7194851e8a64a80bcf85440d1546d57",
            "token": "eyJhbGciOiJIUzI1NiIsInR5cCI6IkpXVCJ9.eyJ0b2tlbl90eXBlIjoicmVmcmVzaCIsImV4cCI6MTcwMTUxMzczNywiaWF0IjoxNzAwMzA0MTM3LCJqdGkiOiJjNzE5NDg1MWU4YTY0YTgwYmNmODU0NDBkMTU0NmQ1NyIsInVzZXJfaWQiOjF9.RQ6zJdxdzAClrP5u8NW_cila6-VYcvGisxTuyab6x8g",
            "created_at": "2023-11-18T10:42:17.021Z",
            "expires_at": "2023-12-02T10:42:17Z"
        }
    },
    {
        "model": "token_blacklist.outstandingtoken",
        "pk": 2,
        "fields": {
            "user": 2,
            "jti": "7db599ea3fa94acf91cb6b28aa1049f1",
            "token": "eyJhbGciOiJIUzI1NiIsInR5cCI6IkpXVCJ9.eyJ0b2tlbl90eXBlIjoicmVmcmVzaCIsImV4cCI6MTcwMTUxMzc3MywiaWF0IjoxNzAwMzA0MTczLCJqdGkiOiI3ZGI1OTllYTNmYTk0YWNmOTFjYjZiMjhhYTEwNDlmMSIsInVzZXJfaWQiOjJ9.K8Xr7okECKffumJh0KGhRvNfv7E1ZIeLayl3xh4E6n8",
            "created_at": "2023-11-18T10:42:53.065Z",
            "expires_at": "2023-12-02T10:42:53Z"
        }
    },
    {
        "model": "token_blacklist.outstandingtoken",
        "pk": 3,
        "fields": {
            "user": 3,
            "jti": "f5d42f8b74cb475c9a1ba91442171176",
            "token": "eyJhbGciOiJIUzI1NiIsInR5cCI6IkpXVCJ9.eyJ0b2tlbl90eXBlIjoicmVmcmVzaCIsImV4cCI6MTcwMTUxMzc5NCwiaWF0IjoxNzAwMzA0MTk0LCJqdGkiOiJmNWQ0MmY4Yjc0Y2I0NzVjOWExYmE5MTQ0MjE3MTE3NiIsInVzZXJfaWQiOjN9.ilAFX51dFQorLzC0GaN2IOO_FJPBr5X3kTbl1lttzy0",
            "created_at": "2023-11-18T10:43:14.212Z",
            "expires_at": "2023-12-02T10:43:14Z"
        }
    },
    {
        "model": "token_blacklist.outstandingtoken",
        "pk": 4,
        "fields": {
            "user": 4,
            "jti": "7b7bf0ded1574aa9af6b4068191930c9",
            "token": "eyJhbGciOiJIUzI1NiIsInR5cCI6IkpXVCJ9.eyJ0b2tlbl90eXBlIjoicmVmcmVzaCIsImV4cCI6MTcwMTUxMzgxOCwiaWF0IjoxNzAwMzA0MjE4LCJqdGkiOiI3YjdiZjBkZWQxNTc0YWE5YWY2YjQwNjgxOTE5MzBjOSIsInVzZXJfaWQiOjR9.qFY6NlPaXqliZf0rmH8e0ZTh5AzV43NLmbO_r4cWOLA",
            "created_at": "2023-11-18T10:43:38.078Z",
            "expires_at": "2023-12-02T10:43:38Z"
        }
    },
    {
        "model": "token_blacklist.outstandingtoken",
        "pk": 5,
        "fields": {
            "user": 1,
            "jti": "1e27c00a5e534099ae61ae616feebb0d",
            "token": "eyJhbGciOiJIUzI1NiIsInR5cCI6IkpXVCJ9.eyJ0b2tlbl90eXBlIjoicmVmcmVzaCIsImV4cCI6MTcwMTUxMzg0NywiaWF0IjoxNzAwMzA0MjQ3LCJqdGkiOiIxZTI3YzAwYTVlNTM0MDk5YWU2MWFlNjE2ZmVlYmIwZCIsInVzZXJfaWQiOjF9.bZkYPrSckX64sjw9O2QgjixVpBGWnHlVsa_3UcYbMaU",
            "created_at": "2023-11-18T10:44:07.328Z",
            "expires_at": "2023-12-02T10:44:07Z"
        }
    },
    {
        "model": "token_blacklist.outstandingtoken",
        "pk": 6,
        "fields": {
            "user": 2,
            "jti": "0189dc028a8041f5857700cd88cfa920",
            "token": "eyJhbGciOiJIUzI1NiIsInR5cCI6IkpXVCJ9.eyJ0b2tlbl90eXBlIjoicmVmcmVzaCIsImV4cCI6MTcwMTUxMzg5NSwiaWF0IjoxNzAwMzA0Mjk1LCJqdGkiOiIwMTg5ZGMwMjhhODA0MWY1ODU3NzAwY2Q4OGNmYTkyMCIsInVzZXJfaWQiOjJ9.Rh8ekXVo2sROJO7PQbZELHUAD8L3Azj9OBdlzZWXXkw",
            "created_at": "2023-11-18T10:44:55.122Z",
            "expires_at": "2023-12-02T10:44:55Z"
        }
    },
    {
        "model": "token_blacklist.outstandingtoken",
        "pk": 7,
        "fields": {
            "user": 3,
            "jti": "71211c3136754e9dbca2ceacddc9c92d",
            "token": "eyJhbGciOiJIUzI1NiIsInR5cCI6IkpXVCJ9.eyJ0b2tlbl90eXBlIjoicmVmcmVzaCIsImV4cCI6MTcwMTUxMzkyMSwiaWF0IjoxNzAwMzA0MzIxLCJqdGkiOiI3MTIxMWMzMTM2NzU0ZTlkYmNhMmNlYWNkZGM5YzkyZCIsInVzZXJfaWQiOjN9.fUAvmghZT6cLnCSdCLOrUHWkZu3jd_v8FcMh_E_4a5I",
            "created_at": "2023-11-18T10:45:21.396Z",
            "expires_at": "2023-12-02T10:45:21Z"
        }
    },
    {
        "model": "token_blacklist.outstandingtoken",
        "pk": 8,
        "fields": {
            "user": 6,
            "jti": "1c27778604b943928d85d33bcaa61574",
            "token": "eyJhbGciOiJIUzI1NiIsInR5cCI6IkpXVCJ9.eyJ0b2tlbl90eXBlIjoicmVmcmVzaCIsImV4cCI6MTcwMTUxMzk5OCwiaWF0IjoxNzAwMzA0Mzk4LCJqdGkiOiIxYzI3Nzc4NjA0Yjk0MzkyOGQ4NWQzM2JjYWE2MTU3NCIsInVzZXJfaWQiOjZ9.BxnEy5eiEMXhHq6UR6SqLWHzS19euYA27WTYV-CIBQE",
            "created_at": "2023-11-18T10:46:38.089Z",
            "expires_at": "2023-12-02T10:46:38Z"
        }
    },
    {
        "model": "token_blacklist.outstandingtoken",
        "pk": 9,
        "fields": {
            "user": 7,
            "jti": "85355261fcfa47e98574da191b8a2629",
            "token": "eyJhbGciOiJIUzI1NiIsInR5cCI6IkpXVCJ9.eyJ0b2tlbl90eXBlIjoicmVmcmVzaCIsImV4cCI6MTcwMTUxNDAyNiwiaWF0IjoxNzAwMzA0NDI2LCJqdGkiOiI4NTM1NTI2MWZjZmE0N2U5ODU3NGRhMTkxYjhhMjYyOSIsInVzZXJfaWQiOjd9.L2FxbnOPQZ1NPlc3FeTC_0Z4sNQh3csf04x27cS3moM",
            "created_at": "2023-11-18T10:47:06.433Z",
            "expires_at": "2023-12-02T10:47:06Z"
        }
    },
    {
        "model": "token_blacklist.outstandingtoken",
        "pk": 10,
        "fields": {
            "user": 8,
            "jti": "da585590c48143499b99e27271b88894",
            "token": "eyJhbGciOiJIUzI1NiIsInR5cCI6IkpXVCJ9.eyJ0b2tlbl90eXBlIjoicmVmcmVzaCIsImV4cCI6MTcwMTUxNDA0MywiaWF0IjoxNzAwMzA0NDQzLCJqdGkiOiJkYTU4NTU5MGM0ODE0MzQ5OWI5OWUyNzI3MWI4ODg5NCIsInVzZXJfaWQiOjh9.QdeK2_mfAF84ifFOIvSsvx-Gj-0RUq7M3Or3ETF_1PY",
            "created_at": "2023-11-18T10:47:23.232Z",
            "expires_at": "2023-12-02T10:47:23Z"
        }
    },
    {
        "model": "token_blacklist.outstandingtoken",
        "pk": 11,
        "fields": {
            "user": 1,
            "jti": "4c3ebdd6887d487798e5e252bdf8850d",
            "token": "eyJhbGciOiJIUzI1NiIsInR5cCI6IkpXVCJ9.eyJ0b2tlbl90eXBlIjoicmVmcmVzaCIsImV4cCI6MTcwMTUxNDA4MywiaWF0IjoxNzAwMzA0NDgzLCJqdGkiOiI0YzNlYmRkNjg4N2Q0ODc3OThlNWUyNTJiZGY4ODUwZCIsInVzZXJfaWQiOjF9.LyFAssJIChc09fxAZRI1nyF0EKzBrebw2kkIc95vbIs",
            "created_at": "2023-11-18T10:48:03.232Z",
            "expires_at": "2023-12-02T10:48:03Z"
        }
    },
    {
        "model": "token_blacklist.outstandingtoken",
        "pk": 12,
        "fields": {
            "user": 10,
            "jti": "5a8c89077d3b4179ac80c329f86d4bce",
            "token": "eyJhbGciOiJIUzI1NiIsInR5cCI6IkpXVCJ9.eyJ0b2tlbl90eXBlIjoicmVmcmVzaCIsImV4cCI6MTcwMTUxNDEyMSwiaWF0IjoxNzAwMzA0NTIxLCJqdGkiOiI1YThjODkwNzdkM2I0MTc5YWM4MGMzMjlmODZkNGJjZSIsInVzZXJfaWQiOjEwfQ.vxCwoFEpoqTxJzdGEIPZMs6fgt7cAokZbSirT5AebVU",
            "created_at": "2023-11-18T10:48:41.909Z",
            "expires_at": "2023-12-02T10:48:41Z"
        }
    },
    {
        "model": "token_blacklist.outstandingtoken",
        "pk": 13,
        "fields": {
            "user": 1,
            "jti": "c5358e3d40464230b06df84b53cb2d11",
            "token": "eyJhbGciOiJIUzI1NiIsInR5cCI6IkpXVCJ9.eyJ0b2tlbl90eXBlIjoicmVmcmVzaCIsImV4cCI6MTcwMTUxNDE1MCwiaWF0IjoxNzAwMzA0NTUwLCJqdGkiOiJjNTM1OGUzZDQwNDY0MjMwYjA2ZGY4NGI1M2NiMmQxMSIsInVzZXJfaWQiOjF9.N-_gSpdR47QGyLEnxOE7fwXF_1KB8MjDy8q2nMvjTos",
            "created_at": "2023-11-18T10:49:10.319Z",
            "expires_at": "2023-12-02T10:49:10Z"
        }
    },
    {
        "model": "token_blacklist.outstandingtoken",
        "pk": 14,
        "fields": {
            "user": 11,
            "jti": "9edba900b43e4fe695b24e950616118f",
            "token": "eyJhbGciOiJIUzI1NiIsInR5cCI6IkpXVCJ9.eyJ0b2tlbl90eXBlIjoicmVmcmVzaCIsImV4cCI6MTcwMTUxNDE4NSwiaWF0IjoxNzAwMzA0NTg1LCJqdGkiOiI5ZWRiYTkwMGI0M2U0ZmU2OTViMjRlOTUwNjE2MTE4ZiIsInVzZXJfaWQiOjExfQ.ucb-Z7zbSpqLq_tTzMsoFItKIQ4a8JnlSdBdbLlkpzA",
            "created_at": "2023-11-18T10:49:45.010Z",
            "expires_at": "2023-12-02T10:49:45Z"
        }
    },
    {
        "model": "token_blacklist.outstandingtoken",
        "pk": 15,
        "fields": {
            "user": 1,
            "jti": "9a73620fd4424078afe99f6f1a19129c",
            "token": "eyJhbGciOiJIUzI1NiIsInR5cCI6IkpXVCJ9.eyJ0b2tlbl90eXBlIjoicmVmcmVzaCIsImV4cCI6MTcwMTUxNDIwMiwiaWF0IjoxNzAwMzA0NjAyLCJqdGkiOiI5YTczNjIwZmQ0NDI0MDc4YWZlOTlmNmYxYTE5MTI5YyIsInVzZXJfaWQiOjF9.KTh9nP3MiO1I-WSlXr4pgksOLa0wQxqdx45VYiEBtwg",
            "created_at": "2023-11-18T10:50:02.540Z",
            "expires_at": "2023-12-02T10:50:02Z"
        }
    },
    {
        "model": "token_blacklist.outstandingtoken",
        "pk": 16,
        "fields": {
            "user": 2,
            "jti": "5261721cb8974412895730c271bc8c37",
            "token": "eyJhbGciOiJIUzI1NiIsInR5cCI6IkpXVCJ9.eyJ0b2tlbl90eXBlIjoicmVmcmVzaCIsImV4cCI6MTcwMTUxNDIyNywiaWF0IjoxNzAwMzA0NjI3LCJqdGkiOiI1MjYxNzIxY2I4OTc0NDEyODk1NzMwYzI3MWJjOGMzNyIsInVzZXJfaWQiOjJ9.GWiSkEbiZCsEIagbAPjrJMvylSf6jjL_PAyl3dUOguc",
            "created_at": "2023-11-18T10:50:27.606Z",
            "expires_at": "2023-12-02T10:50:27Z"
        }
    },
    {
        "model": "token_blacklist.outstandingtoken",
        "pk": 17,
        "fields": {
            "user": 11,
            "jti": "a785ae8a4f6c4023afec31ebc78d31a2",
            "token": "eyJhbGciOiJIUzI1NiIsInR5cCI6IkpXVCJ9.eyJ0b2tlbl90eXBlIjoicmVmcmVzaCIsImV4cCI6MTcwMTUxNDI4MywiaWF0IjoxNzAwMzA0NjgzLCJqdGkiOiJhNzg1YWU4YTRmNmM0MDIzYWZlYzMxZWJjNzhkMzFhMiIsInVzZXJfaWQiOjExfQ.xSnCrCSoy9uPVUFthBWrEuL1uXQGg2O4GvlOFRbVXCw",
            "created_at": "2023-11-18T10:51:23.536Z",
            "expires_at": "2023-12-02T10:51:23Z"
        }
    },
    {
        "model": "token_blacklist.outstandingtoken",
        "pk": 18,
        "fields": {
            "user": 1,
            "jti": "246eedc04a924ae1a1a4bd5182464eb2",
            "token": "eyJhbGciOiJIUzI1NiIsInR5cCI6IkpXVCJ9.eyJ0b2tlbl90eXBlIjoicmVmcmVzaCIsImV4cCI6MTcwMTUxNDM0NiwiaWF0IjoxNzAwMzA0NzQ2LCJqdGkiOiIyNDZlZWRjMDRhOTI0YWUxYTFhNGJkNTE4MjQ2NGViMiIsInVzZXJfaWQiOjF9.s0Ol0tanwRjJCb6Y3P7_wx4x9tH7VgZahDQfIRVjdgQ",
            "created_at": "2023-11-18T10:52:26.686Z",
            "expires_at": "2023-12-02T10:52:26Z"
        }
    },
    {
        "model": "token_blacklist.outstandingtoken",
        "pk": 19,
        "fields": {
            "user": 11,
            "jti": "30afb090fe444327a08606cd27cd69ff",
            "token": "eyJhbGciOiJIUzI1NiIsInR5cCI6IkpXVCJ9.eyJ0b2tlbl90eXBlIjoicmVmcmVzaCIsImV4cCI6MTcwMTUxNDkwOCwiaWF0IjoxNzAwMzA1MzA4LCJqdGkiOiIzMGFmYjA5MGZlNDQ0MzI3YTA4NjA2Y2QyN2NkNjlmZiIsInVzZXJfaWQiOjExfQ.aXFBLzdZYRjbuHiXnhwyRKHd8YAkWWTETM1o12fqA9w",
            "created_at": "2023-11-18T11:01:48.954Z",
            "expires_at": "2023-12-02T11:01:48Z"
        }
    },
    {
        "model": "token_blacklist.outstandingtoken",
        "pk": 20,
        "fields": {
            "user": 2,
            "jti": "0114090cd87344798a11fec5808282c5",
            "token": "eyJhbGciOiJIUzI1NiIsInR5cCI6IkpXVCJ9.eyJ0b2tlbl90eXBlIjoicmVmcmVzaCIsImV4cCI6MTcwMTUxNDk0NSwiaWF0IjoxNzAwMzA1MzQ1LCJqdGkiOiIwMTE0MDkwY2Q4NzM0NDc5OGExMWZlYzU4MDgyODJjNSIsInVzZXJfaWQiOjJ9.twRF_j-BdrFu_5JmBJ_nW-odmfR10phMUJmTETQzS-A",
            "created_at": "2023-11-18T11:02:25.032Z",
            "expires_at": "2023-12-02T11:02:25Z"
        }
    },
    {
        "model": "token_blacklist.outstandingtoken",
        "pk": 21,
        "fields": {
            "user": 1,
            "jti": "98c37671d1d846bf84a72ecf671b1e86",
            "token": "eyJhbGciOiJIUzI1NiIsInR5cCI6IkpXVCJ9.eyJ0b2tlbl90eXBlIjoicmVmcmVzaCIsImV4cCI6MTcwMTUxNDk5NywiaWF0IjoxNzAwMzA1Mzk3LCJqdGkiOiI5OGMzNzY3MWQxZDg0NmJmODRhNzJlY2Y2NzFiMWU4NiIsInVzZXJfaWQiOjF9.qtiVdq9a8kM1kJEl1u6BOOAXoFfPl2cxId3L4a429k4",
            "created_at": "2023-11-18T11:03:17.382Z",
            "expires_at": "2023-12-02T11:03:17Z"
        }
    },
    {
        "model": "token_blacklist.outstandingtoken",
        "pk": 22,
        "fields": {
            "user": 2,
            "jti": "aff79ad20d694f529ce0bb7a33285a94",
            "token": "eyJhbGciOiJIUzI1NiIsInR5cCI6IkpXVCJ9.eyJ0b2tlbl90eXBlIjoicmVmcmVzaCIsImV4cCI6MTcwMTUxNTA0NiwiaWF0IjoxNzAwMzA1NDQ2LCJqdGkiOiJhZmY3OWFkMjBkNjk0ZjUyOWNlMGJiN2EzMzI4NWE5NCIsInVzZXJfaWQiOjJ9.31XuATLXdIgujs2FBZc5ljWqBFnn5tsdmm85zfTnaUI",
            "created_at": "2023-11-18T11:04:06.752Z",
            "expires_at": "2023-12-02T11:04:06Z"
        }
    },
    {
        "model": "token_blacklist.outstandingtoken",
        "pk": 23,
        "fields": {
            "user": 1,
            "jti": "ce090d8affba41e28b87e321a45d7aa2",
            "token": "eyJhbGciOiJIUzI1NiIsInR5cCI6IkpXVCJ9.eyJ0b2tlbl90eXBlIjoicmVmcmVzaCIsImV4cCI6MTcwMTUxNTIzMSwiaWF0IjoxNzAwMzA1NjMxLCJqdGkiOiJjZTA5MGQ4YWZmYmE0MWUyOGI4N2UzMjFhNDVkN2FhMiIsInVzZXJfaWQiOjF9.oXA2grYwyMOdD5LRtlifZskTw1XtSk595gs5fbkhYDg",
            "created_at": "2023-11-18T11:07:11.520Z",
            "expires_at": "2023-12-02T11:07:11Z"
        }
    },
    {
        "model": "token_blacklist.outstandingtoken",
        "pk": 24,
        "fields": {
            "user": 1,
            "jti": "cd63401e1fab4919baf08a9159ab5ff0",
            "token": "eyJhbGciOiJIUzI1NiIsInR5cCI6IkpXVCJ9.eyJ0b2tlbl90eXBlIjoicmVmcmVzaCIsImV4cCI6MTcwMTUxNTYxMSwiaWF0IjoxNzAwMzA2MDExLCJqdGkiOiJjZDYzNDAxZTFmYWI0OTE5YmFmMDhhOTE1OWFiNWZmMCIsInVzZXJfaWQiOjF9.I44w8MIplXro5h2mzw4lwWqX1GE6hgEsOAzevVeKZ7I",
            "created_at": "2023-11-18T11:13:31.077Z",
            "expires_at": "2023-12-02T11:13:31Z"
        }
    },
    {
        "model": "token_blacklist.outstandingtoken",
        "pk": 25,
        "fields": {
            "user": 1,
            "jti": "0c9f50d04363411b94e9aeeb1d26e8be",
            "token": "eyJhbGciOiJIUzI1NiIsInR5cCI6IkpXVCJ9.eyJ0b2tlbl90eXBlIjoicmVmcmVzaCIsImV4cCI6MTcwMTUxNjk0NSwiaWF0IjoxNzAwMzA3MzQ1LCJqdGkiOiIwYzlmNTBkMDQzNjM0MTFiOTRlOWFlZWIxZDI2ZThiZSIsInVzZXJfaWQiOjF9.Vi73S_bfwULgv6q662HzMQ1Zm9LGKlisiCEn8fGLmb0",
            "created_at": "2023-11-18T11:35:45.965Z",
            "expires_at": "2023-12-02T11:35:45Z"
        }
    },
    {
        "model": "token_blacklist.outstandingtoken",
        "pk": 26,
        "fields": {
            "user": 1,
            "jti": "72b5087576a441ddb45bc622191b49d4",
            "token": "eyJhbGciOiJIUzI1NiIsInR5cCI6IkpXVCJ9.eyJ0b2tlbl90eXBlIjoicmVmcmVzaCIsImV4cCI6MTcwMTUxNzMwNiwiaWF0IjoxNzAwMzA3NzA2LCJqdGkiOiI3MmI1MDg3NTc2YTQ0MWRkYjQ1YmM2MjIxOTFiNDlkNCIsInVzZXJfaWQiOjF9.nhHaGc1iDNOLiraNy3UeIkLpjejjgjEStHIyP5sPVlk",
            "created_at": "2023-11-18T11:41:46.369Z",
            "expires_at": "2023-12-02T11:41:46Z"
        }
    },
    {
        "model": "token_blacklist.outstandingtoken",
        "pk": 27,
        "fields": {
            "user": 1,
            "jti": "d0ebff06e2e04ec89871dfe3aa3c3d0a",
            "token": "eyJhbGciOiJIUzI1NiIsInR5cCI6IkpXVCJ9.eyJ0b2tlbl90eXBlIjoicmVmcmVzaCIsImV4cCI6MTcwMTUyMDk0MywiaWF0IjoxNzAwMzExMzQzLCJqdGkiOiJkMGViZmYwNmUyZTA0ZWM4OTg3MWRmZTNhYTNjM2QwYSIsInVzZXJfaWQiOjF9.8Mcydq2y4r_teH3tVFxdiApFtoBeMS_ta96lgEAAMWI",
            "created_at": "2023-11-18T12:42:23.346Z",
            "expires_at": "2023-12-02T12:42:23Z"
        }
    },
    {
        "model": "token_blacklist.outstandingtoken",
        "pk": 28,
        "fields": {
            "user": 1,
            "jti": "72bb5a40a281413284f41a7a08e337d0",
            "token": "eyJhbGciOiJIUzI1NiIsInR5cCI6IkpXVCJ9.eyJ0b2tlbl90eXBlIjoicmVmcmVzaCIsImV4cCI6MTcwMTUyNjE2MywiaWF0IjoxNzAwMzE2NTYzLCJqdGkiOiI3MmJiNWE0MGEyODE0MTMyODRmNDFhN2EwOGUzMzdkMCIsInVzZXJfaWQiOjF9.3lArxT-04_ZwClhcxxXMZqeD5uod2rILMlAKMupQZKA",
            "created_at": "2023-11-18T14:09:23.918Z",
            "expires_at": "2023-12-02T14:09:23Z"
        }
    },
    {
        "model": "token_blacklist.outstandingtoken",
        "pk": 29,
        "fields": {
            "user": 1,
            "jti": "1c692b2a4cf74291814baa97c29ad700",
            "token": "eyJhbGciOiJIUzI1NiIsInR5cCI6IkpXVCJ9.eyJ0b2tlbl90eXBlIjoicmVmcmVzaCIsImV4cCI6MTcwMTUzMzE5NSwiaWF0IjoxNzAwMzIzNTk1LCJqdGkiOiIxYzY5MmIyYTRjZjc0MjkxODE0YmFhOTdjMjlhZDcwMCIsInVzZXJfaWQiOjF9.w1jBkJtwXt7TuuUu5JwQWl7Pi3z-Oa2CrvU5-watYr4",
            "created_at": "2023-11-18T16:06:35.645Z",
            "expires_at": "2023-12-02T16:06:35Z"
        }
    },
    {
        "model": "token_blacklist.outstandingtoken",
        "pk": 30,
        "fields": {
            "user": 1,
            "jti": "419be700c48742068440e4e0f0b2bbfa",
            "token": "eyJhbGciOiJIUzI1NiIsInR5cCI6IkpXVCJ9.eyJ0b2tlbl90eXBlIjoicmVmcmVzaCIsImV4cCI6MTcwMTU1ODcxMSwiaWF0IjoxNzAwMzQ5MTExLCJqdGkiOiI0MTliZTcwMGM0ODc0MjA2ODQ0MGU0ZTBmMGIyYmJmYSIsInVzZXJfaWQiOjF9.xOngZT_NNvhFr4LdPScT45sRmDEBpyRE6JgcVHupdXM",
            "created_at": "2023-11-18T23:11:51.272Z",
            "expires_at": "2023-12-02T23:11:51Z"
        }
    },
    {
        "model": "token_blacklist.blacklistedtoken",
        "pk": 1,
        "fields": { "token": 1, "blacklisted_at": "2023-11-18T10:42:48.250Z" }
    },
    {
        "model": "token_blacklist.blacklistedtoken",
        "pk": 2,
        "fields": { "token": 2, "blacklisted_at": "2023-11-18T10:43:09.382Z" }
    },
    {
        "model": "token_blacklist.blacklistedtoken",
        "pk": 3,
        "fields": { "token": 3, "blacklisted_at": "2023-11-18T10:43:33.477Z" }
    },
    {
        "model": "token_blacklist.blacklistedtoken",
        "pk": 4,
        "fields": { "token": 4, "blacklisted_at": "2023-11-18T10:43:54.031Z" }
    },
    {
        "model": "token_blacklist.blacklistedtoken",
        "pk": 5,
        "fields": { "token": 5, "blacklisted_at": "2023-11-18T10:44:51.256Z" }
    },
    {
        "model": "token_blacklist.blacklistedtoken",
        "pk": 6,
        "fields": { "token": 6, "blacklisted_at": "2023-11-18T10:45:15.719Z" }
    },
    {
        "model": "token_blacklist.blacklistedtoken",
        "pk": 7,
        "fields": { "token": 7, "blacklisted_at": "2023-11-18T10:45:42.396Z" }
    },
    {
        "model": "token_blacklist.blacklistedtoken",
        "pk": 8,
        "fields": { "token": 8, "blacklisted_at": "2023-11-18T10:47:02.129Z" }
    },
    {
        "model": "token_blacklist.blacklistedtoken",
        "pk": 9,
        "fields": { "token": 9, "blacklisted_at": "2023-11-18T10:47:18.979Z" }
    },
    {
        "model": "token_blacklist.blacklistedtoken",
        "pk": 10,
        "fields": { "token": 10, "blacklisted_at": "2023-11-18T10:47:44.999Z" }
    },
    {
        "model": "token_blacklist.blacklistedtoken",
        "pk": 11,
        "fields": { "token": 11, "blacklisted_at": "2023-11-18T10:48:32.064Z" }
    },
    {
        "model": "token_blacklist.blacklistedtoken",
        "pk": 12,
        "fields": { "token": 12, "blacklisted_at": "2023-11-18T10:49:00.699Z" }
    },
    {
        "model": "token_blacklist.blacklistedtoken",
        "pk": 13,
        "fields": { "token": 13, "blacklisted_at": "2023-11-18T10:49:34.505Z" }
    },
    {
        "model": "token_blacklist.blacklistedtoken",
        "pk": 14,
        "fields": { "token": 14, "blacklisted_at": "2023-11-18T10:49:57.715Z" }
    },
    {
        "model": "token_blacklist.blacklistedtoken",
        "pk": 15,
        "fields": { "token": 15, "blacklisted_at": "2023-11-18T10:50:21.312Z" }
    },
    {
        "model": "token_blacklist.blacklistedtoken",
        "pk": 16,
        "fields": { "token": 16, "blacklisted_at": "2023-11-18T10:50:47.528Z" }
    },
    {
        "model": "token_blacklist.blacklistedtoken",
        "pk": 17,
        "fields": { "token": 17, "blacklisted_at": "2023-11-18T10:52:19.344Z" }
    },
    {
        "model": "token_blacklist.blacklistedtoken",
        "pk": 18,
        "fields": { "token": 18, "blacklisted_at": "2023-11-18T11:01:38.790Z" }
    },
    {
        "model": "token_blacklist.blacklistedtoken",
        "pk": 19,
        "fields": { "token": 19, "blacklisted_at": "2023-11-18T11:02:13.240Z" }
    },
    {
        "model": "token_blacklist.blacklistedtoken",
        "pk": 20,
        "fields": { "token": 20, "blacklisted_at": "2023-11-18T11:02:43.205Z" }
    },
    {
        "model": "token_blacklist.blacklistedtoken",
        "pk": 21,
        "fields": { "token": 21, "blacklisted_at": "2023-11-18T11:04:02.672Z" }
    },
    {
        "model": "token_blacklist.blacklistedtoken",
        "pk": 22,
        "fields": { "token": 22, "blacklisted_at": "2023-11-18T11:04:40.057Z" }
    },
    {
        "model": "token_blacklist.blacklistedtoken",
        "pk": 23,
        "fields": { "token": 23, "blacklisted_at": "2023-11-18T11:08:04.432Z" }
    },
    {
        "model": "token_blacklist.blacklistedtoken",
        "pk": 24,
        "fields": { "token": 24, "blacklisted_at": "2023-11-18T11:14:02.735Z" }
    },
    {
        "model": "token_blacklist.blacklistedtoken",
        "pk": 25,
        "fields": { "token": 27, "blacklisted_at": "2023-11-18T12:43:24.654Z" }
    },
    {
        "model": "users.user",
        "pk": 1,
        "fields": {
            "password": "pbkdf2_sha256$600000$o2ck7loBHkZ6vta4H3ZCtD$dNYzwKOV38yvsvk47eJB2LaZc4PUafTyj5b95dD9zwk=",
            "username": "teamleader1",
            "message": null,
            "is_active": true,
            "is_staff": false,
            "is_superuser": false,
            "date_joined": "2023-11-18T10:41:01.718Z",
            "last_login": "2023-11-18T10:41:01.718Z",
            "groups": [1, 2],
            "user_permissions": []
        }
    },
    {
        "model": "users.user",
        "pk": 2,
        "fields": {
            "password": "pbkdf2_sha256$600000$tejUWvi9xT2tRtZetjOznU$Ekt2T3iX80lvWhEj9u1F8Lh4Bn6H4jTx2wPdaOCRMAo=",
            "username": "teamleader2",
            "message": null,
            "is_active": true,
            "is_staff": false,
            "is_superuser": false,
            "date_joined": "2023-11-18T10:41:04.673Z",
            "last_login": "2023-11-18T10:41:04.673Z",
            "groups": [1, 3],
            "user_permissions": []
        }
    },
    {
        "model": "users.user",
        "pk": 3,
        "fields": {
            "password": "pbkdf2_sha256$600000$NuZp8DcDUOmBThVnfQHNWX$Cf9z8UUrz9KtjmP0T6DDm3mL0gPDsd9mE65sFvgtIyA=",
            "username": "teamleader3",
            "message": null,
            "is_active": true,
            "is_staff": false,
            "is_superuser": false,
            "date_joined": "2023-11-18T10:41:07.061Z",
            "last_login": "2023-11-18T10:41:07.062Z",
            "groups": [1, 4],
            "user_permissions": []
        }
    },
    {
        "model": "users.user",
        "pk": 4,
        "fields": {
            "password": "pbkdf2_sha256$600000$eSR9V8akNxqVlLDOyJBLRT$XAH4IvTufzpGfbJorD2MUDV8tytUOvb3Bknj1uGNPMc=",
            "username": "teamleader4",
            "message": null,
            "is_active": true,
            "is_staff": false,
            "is_superuser": false,
            "date_joined": "2023-11-18T10:41:09.273Z",
            "last_login": "2023-11-18T10:41:09.273Z",
            "groups": [1, 5],
            "user_permissions": []
        }
    },
    {
        "model": "users.user",
        "pk": 5,
        "fields": {
            "password": "pbkdf2_sha256$600000$DZvLE6eFObVE7JrFVK2Zpv$P3EnjRNTw9xLpK0NeiOOmgImWCA7LasGKaJvdf+l/UA=",
            "username": "teamleader5",
            "message": null,
            "is_active": true,
            "is_staff": false,
            "is_superuser": false,
            "date_joined": "2023-11-18T10:41:11.535Z",
            "last_login": "2023-11-18T10:41:11.535Z",
            "groups": [],
            "user_permissions": []
        }
    },
    {
        "model": "users.user",
        "pk": 6,
        "fields": {
            "password": "pbkdf2_sha256$600000$KuUrFFdwzOYzo9cyfbIerW$gQxYNnoPToCDPm5X9Far/4kRb23BDwHsBqA15z8XMao=",
            "username": "normaluser1",
            "message": null,
            "is_active": true,
            "is_staff": false,
            "is_superuser": false,
            "date_joined": "2023-11-18T10:46:54.064Z",
            "last_login": "2023-11-18T10:41:15.764Z",
            "groups": [2],
            "user_permissions": []
        }
    },
    {
        "model": "users.user",
        "pk": 7,
        "fields": {
            "password": "pbkdf2_sha256$600000$2fWpcMcJBMyfRiic5g37g9$Z86aK+q74yJwxEOtYdqN5qPUYcSy+BHBZIfvkNB8ABk=",
            "username": "normaluser2",
            "message": null,
            "is_active": true,
            "is_staff": false,
            "is_superuser": false,
            "date_joined": "2023-11-18T10:47:14.162Z",
            "last_login": "2023-11-18T10:41:17.769Z",
            "groups": [3],
            "user_permissions": []
        }
    },
    {
        "model": "users.user",
        "pk": 8,
        "fields": {
            "password": "pbkdf2_sha256$600000$ekZrvGLA1TWaBvtQ6gGwsH$zGbd0iaLkmeiLm+ei5G0l4NXEJiW08/1DnNRC3SQqy4=",
            "username": "normaluser3",
            "message": null,
            "is_active": true,
            "is_staff": false,
            "is_superuser": false,
            "date_joined": "2023-11-18T10:47:34.284Z",
            "last_login": "2023-11-18T10:41:19.795Z",
            "groups": [4],
            "user_permissions": []
        }
    },
    {
        "model": "users.user",
        "pk": 9,
        "fields": {
            "password": "pbkdf2_sha256$600000$asfstegjor9YjvtiLtD4vZ$Q598R+jOTFlUJJnt9JmIF+KS8s3lB3LIekdny3WZoTs=",
            "username": "normaluser4",
            "message": null,
            "is_active": true,
            "is_staff": false,
            "is_superuser": false,
            "date_joined": "2023-11-18T10:41:22.180Z",
            "last_login": "2023-11-18T10:41:22.180Z",
            "groups": [],
            "user_permissions": []
        }
    },
    {
        "model": "users.user",
        "pk": 10,
        "fields": {
            "password": "pbkdf2_sha256$600000$wudcX475PyfvfDBV5QARhX$HBynh6+phmR5KT6VQs/KvQ1ueXvxfJOHw0zioIBYyKw=",
            "username": "normaluser5",
            "message": "team:첫번째팀,from:teamleader1",
            "is_active": true,
            "is_staff": false,
            "is_superuser": false,
            "date_joined": "2023-11-18T11:13:51.181Z",
            "last_login": "2023-11-18T10:41:34.571Z",
            "groups": [2],
            "user_permissions": []
        }
    },
    {
        "model": "users.user",
        "pk": 11,
        "fields": {
            "password": "pbkdf2_sha256$600000$hOR2LZaJla9ZrvxWAbBj4w$MiLPM3s5BfHB18ibOQUzWjZ2zIt8T/i+fErGeGORgJs=",
            "username": "normaluser6",
            "message": "team:두번째팀,from:teamleader2",
            "is_active": true,
            "is_staff": false,
            "is_superuser": false,
            "date_joined": "2023-11-18T11:02:37.393Z",
            "last_login": "2023-11-18T10:42:05.957Z",
            "groups": [2],
            "user_permissions": []
        }
    },
    {
        "model": "teams.team",
        "pk": 1,
        "fields": {
            "leader": 1,
            "name": "첫번째팀",
            "created_at": "2023-11-18T10:42:39.981Z"
        }
    },
    {
        "model": "teams.team",
        "pk": 2,
        "fields": {
            "leader": 2,
            "name": "두번째팀",
            "created_at": "2023-11-18T10:43:03.950Z"
        }
    },
    {
        "model": "teams.team",
        "pk": 3,
        "fields": {
            "leader": 3,
            "name": "세번째팀",
            "created_at": "2023-11-18T10:43:29.006Z"
        }
    },
    {
        "model": "teams.team",
        "pk": 4,
        "fields": {
            "leader": 4,
            "name": "네번째팀",
            "created_at": "2023-11-18T10:43:49.455Z"
        }
    },
    { "model": "boards.board", "pk": 1, "fields": { "team": 1 } },
    { "model": "boards.board", "pk": 2, "fields": { "team": 2 } },
    { "model": "boards.board", "pk": 3, "fields": { "team": 3 } },
    { "model": "boards.board", "pk": 4, "fields": { "team": 4 } },
    {
        "model": "boards.column",
        "pk": 1,
        "fields": { "board": 1, "title": "Backlog", "sequence": 1 }
    },
    {
        "model": "boards.column",
        "pk": 2,
        "fields": { "board": 1, "title": "In Progress", "sequence": 2 }
    },
    {
        "model": "boards.column",
        "pk": 3,
        "fields": { "board": 1, "title": "Review", "sequence": 3 }
    },
    {
        "model": "boards.column",
        "pk": 4,
        "fields": { "board": 2, "title": "Backlog", "sequence": 1 }
    },
    {
        "model": "boards.column",
        "pk": 5,
        "fields": { "board": 2, "title": "In Progress", "sequence": 2 }
    },
    {
        "model": "boards.column",
        "pk": 6,
        "fields": { "board": 2, "title": "Review", "sequence": 3 }
    }
]
